<?xml version="1.0" encoding="UTF-8"?>
<project-private xmlns="http://www.netbeans.org/ns/project-private/1">
    <editor-bookmarks xmlns="http://www.netbeans.org/ns/editor-bookmarks/2" lastBookmarkId="0"/>
    <open-files xmlns="http://www.netbeans.org/ns/projectui-open-files/2">
        <group>
            <file>file:/E:/10-06-2017/WebApp3/src/java/CaptchaServlet.java</file>
            <file>file:/E:/10-06-2017/WebApp3/src/java/MatchServlet.java</file>
            <file>file:/E:/10-06-2017/WebApp3/src/java/HeadServlet.java</file>
            <file>file:/E:/10-06-2017/WebApp3/src/java/ChangePassword.java</file>
            <file>file:/E:/10-06-2017/WebApp3/src/java/LoginServlet.java</file>
        </group>
    </open-files>
</project-private>
